[{"EncNbr":52963,"Title":"Liliana\u0027s Caress","TitleFR":"Caresse de Liliana","SubTypeVF":"","TexteFR":"À chaque fois qu\u0027un adversaire se défausse d\u0027une carte, ce joueur perd 2 points de vie.","Rarity":"U","Series":"M2","SeriesNM_MtG":"Magic 2011","SeriesNM_FR":"Magic 2011","Items":3,"Cost":"1B","Color":"Black","Power":"","Tough":"","Price":3},{"EncNbr":43123,"Title":"Geth\u0027s Grimoire","TitleFR":"Grimoire de Geth","SubTypeVF":"","TexteFR":"À chaque fois qu\u0027un adversaire se défausse d\u0027une carte, vous pouvez piocher une carte.","Rarity":"U","Series":"DS","SeriesNM_MtG":"Darksteel","SeriesNM_FR":"Sombracier","Items":2,"Cost":"4","Color":"Colorless","Power":"","Tough":"","Price":1},{"EncNbr":16628,"Title":"Stupor","TitleFR":"Stupeur","SubTypeVF":"","TexteFR":"L\u0027adversaire ciblé se défausse d\u0027une carte au hasard, puis se défausse d\u0027une carte.","Rarity":"U","Series":"6E","SeriesNM_MtG":"6th Edition","SeriesNM_FR":"6ème édition","Items":2,"Cost":"2B","Color":"Black","Power":"","Tough":"","Price":2.5},{"EncNbr":5557,"Title":"Duress","TitleFR":"Contrainte","SubTypeVF":"","TexteFR":"L\u0027adversaire ciblé révèle sa main. Vous y choisissez une carte non-créature, non-terrain. Ce joueur se défausse de cette carte.","Rarity":"C","Series":"US","SeriesNM_MtG":"Urza\u0027s Saga","SeriesNM_FR":"L\u0027Épopée d\u0027Urza","Items":2,"Cost":"B","Color":"Black","Power":"","Tough":"","Price":0.5},{"EncNbr":52287,"Title":"Quest for the Nihil Stone","TitleFR":"Quête de la Pierre de Nihil","SubTypeVF":"","TexteFR":"À chaque fois qu\u0027un adversaire se défausse d\u0027une carte, vous pouvez mettre un marqueur « quête » sur la Quête de la Pierre de Nihil.\r\n\r\nAu début de l\u0027entretien de chaque adversaire, si ce joueur n\u0027a pas de cartes en main et que la Quête de la Pierre de Nihil a au moins deux marqueurs « quête » sur elle, vous pouvez faire que ce joueur perde 5 points de vie.","Rarity":"R","Series":"WW","SeriesNM_MtG":"Worldwake","SeriesNM_FR":"Worldwake","Items":2,"Cost":"B","Color":"Black","Power":"","Tough":"","Price":3},{"EncNbr":2075,"Title":"The Rack","TitleFR":"Chevalet de torture","SubTypeVF":"","TexteFR":"Au moment où le Chevalet de torture arrive sur le champ de bataille, choisissez un adversaire.\r\n\r\nAu début de l\u0027entretien du joueur choisi, le Chevalet de torture inflige X blessures à ce joueur, X étant trois moins le nombre de cartes dans sa main.","Rarity":"U","Series":"4E","SeriesNM_MtG":"4th Edition","SeriesNM_FR":"4ème édition","Items":3,"Cost":"1","Color":"Colorless","Power":"","Tough":"","Price":2.5},{"EncNbr":21396,"Title":"Rackling","TitleFR":"Petit chevalet","SubTypeVF":"Créature","TexteFR":"Au début de l\u0027entretien de chaque adversaire le Petit chevalet inflige X blessures à ce joueur, X étant 3 moins le nombre de cartes dans sa main.","Rarity":"U","Series":"NE","SeriesNM_MtG":"Nemesis","SeriesNM_FR":"Némésis","Items":2,"Cost":"4","Color":"Colorless","Power":"2","Tough":"2","Price":0.75},{"EncNbr":1849,"Title":"Hymn to Tourach","TitleFR":"Hymn to Tourach","SubTypeVF":"","TexteFR":"Le joueur ciblé se défausse de deux cartes au hasard.","Rarity":"C","Series":"FE","SeriesNM_MtG":"Fallen Empires","SeriesNM_FR":"Fallen Empires","Items":4,"Cost":"BB","Color":"Black","Power":"","Tough":"","Price":4},{"EncNbr":2114,"Title":"Mind Twist","TitleFR":"Convulsion cérébrale","SubTypeVF":"","TexteFR":"Le joueur ciblé se défausse de X cartes au hasard.","Rarity":"R","Series":"4E","SeriesNM_MtG":"4th Edition","SeriesNM_FR":"4ème édition","Items":4,"Cost":"XB","Color":"Black","Power":"","Tough":"","Price":6},{"EncNbr":50538,"Title":"Mind Shatter","TitleFR":"Fracassement cérébral","SubTypeVF":"","TexteFR":"Le joueur ciblé se défausse de X cartes au hasard.","Rarity":"R","Series":"MT","SeriesNM_MtG":"Morningtide","SeriesNM_FR":"Lèveciel","Items":2,"Cost":"XBB","Color":"Black","Power":"","Tough":"","Price":1.5},{"EncNbr":19644,"Title":"Peat Bog","TitleFR":"Tourbière","SubTypeVF":"","TexteFR":"La Tourbière arrive sur le champ de bataille engagée avec deux marqueurs « sec » sur elle.\r\n\r\n!t!, retirez un marqueur « sec » de la Tourbière : Ajoutez !b!!b! à votre réserve. S\u0027il n\u0027y a plus de marqueurs « sec » sur la Tourbière, sacrifiez-la.","Rarity":"C","Series":"MM","SeriesNM_MtG":"Mercadian Masques","SeriesNM_FR":"Masques de Mercadia","Items":4,"Cost":"","Color":"L","Power":"","Tough":"","Price":0.75},{"EncNbr":2109,"Title":"Hypnotic Specter","TitleFR":"Spectre hypnotiseur","SubTypeVF":"Spectre","TexteFR":"Vol\r\n\r\nÀ chaque fois que le Spectre hypnotiseur inflige des blessures à un adversaire, ce joueur se défausse d\u0027une carte au hasard.","Rarity":"U","Series":"4E","SeriesNM_MtG":"4th Edition","SeriesNM_FR":"4ème édition","Items":2,"Cost":"1BB","Color":"Black","Power":"2","Tough":"2","Price":5},{"EncNbr":2374,"Title":"Swamp","TitleFR":"Marais","SubTypeVF":"Marais","TexteFR":"","Rarity":"D","Series":"4E","SeriesNM_MtG":"4th Edition","SeriesNM_FR":"4ème édition","Items":14,"Cost":"","Color":"L","Power":"","Tough":"","Price":0},{"EncNbr":1135,"Title":"Sol Ring","TitleFR":"Anneau solaire","SubTypeVF":"","TexteFR":"!t! : Ajoutez  2 à votre réserve.","Rarity":"U","Series":"RV","SeriesNM_MtG":"Revised","SeriesNM_FR":"Revised","Items":1,"Cost":"1","Color":"Colorless","Power":"","Tough":"","Price":6},{"EncNbr":2096,"Title":"Dark Ritual","TitleFR":"Messe noire","SubTypeVF":"","TexteFR":"Ajoutez !b!!b!!b! à votre réserve.","Rarity":"C","Series":"4E","SeriesNM_MtG":"4th Edition","SeriesNM_FR":"4ème édition","Items":4,"Cost":"B","Color":"Black","Power":"","Tough":"","Price":2.25},{"EncNbr":1155,"Title":"Demonic Tutor","TitleFR":"Précepteur diabolique","SubTypeVF":"","TexteFR":"Cherchez une carte dans votre bibliothèque et mettez cette carte dans votre main. Mélangez ensuite votre bibliothèque.","Rarity":"U","Series":"RV","SeriesNM_MtG":"Revised","SeriesNM_FR":"Revised","Items":1,"Cost":"1B","Color":"Black","Power":"","Tough":"","Price":17},{"EncNbr":53408,"Title":"Liliana Vess","TitleFR":"Liliana Vess","SubTypeVF":"","TexteFR":"[+1] : Le joueur ciblé se défausse d\u0027une carte.\r\n\r\n[-2] : Cherchez dans votre bibliothèque une carte, mélangez votre bibliothèque et mettez cette carte au-dessus de celle-ci.\r\n\r\n[-8] : Mettez sous votre contrôle sur le champ de bataille toutes les cartes de créature de tous les cimetières.","Rarity":"M","Series":"D4","SeriesNM_MtG":"Duel Decks Garruk...","SeriesNM_FR":"Garruk vs Liliana","Items":1,"Cost":"3BB","Color":"Black","Power":"0","Tough":"5","Price":7},{"EncNbr":3247,"Title":"Cursed Totem","TitleFR":"Totem maudit","SubTypeVF":"","TexteFR":"Les capacités activées des créatures ne peuvent pas être activées.","Rarity":"R","Series":"MR","SeriesNM_MtG":"Mirage","SeriesNM_FR":"Mirage","Items":2,"Cost":"2","Color":"Colorless","Power":"","Tough":"","Price":4},{"EncNbr":50316,"Title":"Thoughtseize","TitleFR":"Saisie des pensées","SubTypeVF":"","TexteFR":"Le joueur ciblé révèle sa main. Vous y choisissez une carte non-terrain. Ce joueur se défausse de cette carte. Vous perdez 2 points de vie.","Rarity":"R","Series":"LW","SeriesNM_MtG":"Lorwyn","SeriesNM_FR":"Lorwyn","Items":2,"Cost":"B","Color":"Black","Power":"","Tough":"","Price":34},{"EncNbr":56201,"Title":"Shrieking Affliction","TitleFR":"Affliction hurlante","SubTypeVF":"","TexteFR":"Au début de l\u0027entretien de chaque adversaire, si ce joueur a une carte ou moins dans sa main, il ou elle perd 3 points de vie.","Rarity":"U","Series":"RR","SeriesNM_MtG":"Return to Ravnica","SeriesNM_FR":"Retour sur Ravnica","Items":2,"Cost":"B","Color":"Black","Power":"","Tough":"","Price":0.5},{"EncNbr":29603,"Title":"Chainer\u0027s Edict","TitleFR":"Edit de Chaînes","SubTypeVF":"","TexteFR":"Le joueur ciblé sacrifie une créature.\r\n\r\nFlashback !5!!b!!b!.","Rarity":"U","Series":"TO","SeriesNM_MtG":"Torment","SeriesNM_FR":"Tourment","Items":1,"Cost":"1B","Color":"Black","Power":"","Tough":"","Price":3},{"EncNbr":4656,"Title":"Diabolic Edict","TitleFR":"Edit diabolique","SubTypeVF":"","TexteFR":"Le joueur ciblé sacrifie une créature.","Rarity":"C","Series":"TP","SeriesNM_MtG":"Tempest","SeriesNM_FR":"Tempête","Items":1,"Cost":"1B","Color":"Black","Power":"","Tough":"","Price":2},{"EncNbr":55936,"Title":"Shimian Specter","TitleFR":"Spectre de Shimia","SubTypeVF":"Spectre","TexteFR":"Vol\r\n\r\nÀ chaque fois que le Spectre de Shimia inflige des blessures de combat à un joueur, ce joueur révèle sa main. Vous y choisissez une carte non-terrain. Cherchez dans le cimetière, la main et la bibliothèque de ce joueur toutes les cartes avec le même nom que cette carte et exilez-les. Ce joueur mélange ensuite sa bibliothèque.","Rarity":"R","Series":"M4","SeriesNM_MtG":"Magic 2013","SeriesNM_FR":"Magic 2013","Items":4,"Cost":"2BB","Color":"Black","Power":"2","Tough":"2","Price":1},{"EncNbr":52047,"Title":"Sadistic Sacrament","TitleFR":"Sacrement sadique","SubTypeVF":"","TexteFR":"Kick 7\r\n\r\nCherchez dans la bibliothèque du joueur ciblé jusqu\u0027à trois cartes, exilez-les, puis ce joueur mélange sa bibliothèque.\r\n\r\nSi le Sacrement sadique a été kické, cherchez à la place dans la bibliothèque du joueur ciblé jusqu\u0027à quinze cartes, exilez-les, puis ce joueur mélange sa bibliothèque.","Rarity":"R","Series":"ZK","SeriesNM_MtG":"Zendikar","SeriesNM_FR":"Zendikar","Items":4,"Cost":"BBB","Color":"Black","Power":"","Tough":"","Price":2}]